﻿State,Done,Task,Due,Assignee,Next Due,Recur Interval (Days),Created,Created By,Edited,Project,Inbox,Kanban - State,Kanban - Tag,Parent Task,Priority,Start,Sub-Tasks,Type
🔴,No,Test PerfMatters speed changes,"Nov 28, 2020",,,,"Feb 24, 2021 7:43 PM",Thomas Frank,"Feb 24, 2021 7:43 PM",,Yes,To Do,Speed,,🧀 Medium,"Oct 25, 2020",,⏳One-Time
🔴,No,3rd Test Task,"Oct 29, 2020",,,,"Feb 24, 2021 7:43 PM",Thomas Frank,"Feb 24, 2021 7:43 PM",,No,To Do,,,🧀 Medium,,,⏳One-Time
🔴,No,Task Due Today,"Oct 26, 2020",,,,"Feb 24, 2021 7:43 PM",Thomas Frank,"Feb 24, 2021 7:43 PM",,No,To Do,,,,,,⏳One-Time
🔴,No,Create Home Page,"Oct 27, 2020",,,,"Feb 24, 2021 7:43 PM",Thomas Frank,"Feb 24, 2021 7:43 PM",,No,Doing,Design,,🧀 Medium,"Oct 23, 2020",,⏳One-Time
⚪️,No,Task with Sub-Tasks,,,,,"Feb 24, 2021 7:43 PM",Thomas Frank,"Feb 24, 2021 7:43 PM",,No,To Do,,,🧀 Medium,,,⏳One-Time
➞🔴,No,Sub-Task Example,"Nov 25, 2020",,"Feb 28, 2021",5,"Feb 24, 2021 7:43 PM",Thomas Frank,"Feb 24, 2021 7:43 PM",,Yes,To Do,,../All%20Tasks%20befd06825d894aa7a6011053bdf1b41b/Write%20About%20page%20copy%20974a9042fff3493fb4c59df961650fcd.md,🧀 Medium,,,🔄Recurring
🔴,No,Install 2FA plugin,"Oct 27, 2020",,,,"Feb 24, 2021 7:43 PM",Thomas Frank,"Feb 24, 2021 7:43 PM",,No,To Do,Security,,🧀 Medium,"Oct 26, 2020",,⏳One-Time
🔴,No,Take new picture for homepage background,"Nov 26, 2020",,,,"Feb 24, 2021 7:43 PM",Thomas Frank,"Feb 24, 2021 7:43 PM",,Yes,To Do,Design,,🧀 Medium,"Oct 27, 2020",,⏳One-Time
🔴,No,Task Due Tomorrow,"Nov 26, 2020",,"Feb 27, 2021",3,"Feb 24, 2021 7:43 PM",Thomas Frank,"Feb 24, 2021 7:43 PM",,Yes,To Do,,,🧀 Medium,,,🔄Recurring
🔴,No,Change login URL,"Oct 27, 2020",,,,"Feb 24, 2021 7:43 PM",Thomas Frank,"Feb 24, 2021 7:43 PM",,No,To Do,Security,,🧀 Medium,"Oct 26, 2020",,⏳One-Time
🔴,No,Task Due Today,"Nov 24, 2020",,"Feb 26, 2021",2,"Feb 24, 2021 7:43 PM",Thomas Frank,"Feb 24, 2021 7:43 PM",,Yes,To Do,,,🧊 Low,,,🔄Recurring
🔴,No,Recurring Task Due Today,"Nov 2, 2020",,"Mar 1, 2021",7,"Feb 24, 2021 7:43 PM",Thomas Frank,"Feb 24, 2021 7:43 PM",,Yes,To Do,,,🧀 Medium,,,🔄Recurring
➞🔴,Yes,Overdue Sub-Task Example,"Oct 24, 2020",,,,"Feb 24, 2021 7:43 PM",Thomas Frank,"Feb 24, 2021 7:43 PM",,Yes,To Do,,../All%20Tasks%20befd06825d894aa7a6011053bdf1b41b/Write%20About%20page%20copy%20974a9042fff3493fb4c59df961650fcd.md,🚨HIGH,,,⏳One-Time
🔴,No,Write About page copy,"Dec 8, 2020",,,,"Feb 24, 2021 7:43 PM",Thomas Frank,"Feb 24, 2021 7:43 PM",,Yes,To Do,Copy,,🧀 Medium,"Oct 28, 2020","../All%20Tasks%20befd06825d894aa7a6011053bdf1b41b/Sub-Task%20Example%20ac8f452a417443fda1542f111afa0718.md, ../All%20Tasks%20befd06825d894aa7a6011053bdf1b41b/Overdue%20Sub-Task%20Example%206d390a50672b4676986a8459df6ce969.md",⏳One-Time