﻿Name,Content,Created By,Created Time,Last Updated,Public
Recurring Tasks,,Thomas Frank,"Oct 17, 2020 11:53 PM","Oct 26, 2020",Yes
Note-Taking System,,Thomas Frank,"Oct 17, 2020 11:53 PM","Oct 17, 2020",Yes
Video Project Tracker,,Thomas Frank,"Oct 17, 2020 11:53 PM","Aug 1, 2020",Yes
Template Template (So Meta),,Thomas Frank,"Oct 18, 2020 12:53 AM",,No
Among Us - Game Tracker,,Thomas Frank,"Oct 21, 2020 4:03 AM","Oct 27, 2020",Yes
Ultimate Tasks and Projects,,Thomas Frank,"Oct 25, 2020 11:01 PM","Dec 1, 2020",Yes
Template in Progress,,Thomas Frank,"Nov 1, 2020 11:12 PM","Nov 1, 2020",No
Ultimate Tasks and Projects (Beta),,Thomas Frank,"Nov 10, 2020 9:24 PM","Oct 29, 2020",No