﻿State,Done,Task,Due,Type,Project,Assignee,Next Due,Recur Interval (Days),Parent Task,Created,Created By,Edited,Kanban - State,Kanban - Tag,Priority,Sub-Tasks,Inbox,Start
➞🔴,Yes,Overdue Sub-Task Example,"Oct 24, 2020",⏳One-Time,,,,,../All%20Tasks%20befd06825d894aa7a6011053bdf1b41b/Write%20About%20page%20copy%20974a9042fff3493fb4c59df961650fcd.md,"Feb 24, 2021 7:43 PM",Thomas Frank,"Feb 24, 2021 7:43 PM",To Do,,🚨HIGH,,Yes,
🔴,No,Task Due Today,"Oct 26, 2020",⏳One-Time,,,,,,"Feb 24, 2021 7:43 PM",Thomas Frank,"Feb 24, 2021 7:43 PM",To Do,,,,No,
🔴,No,Change login URL,"Oct 27, 2020",⏳One-Time,,,,,,"Feb 24, 2021 7:43 PM",Thomas Frank,"Feb 24, 2021 7:43 PM",To Do,Security,🧀 Medium,,No,"Oct 26, 2020"
🔴,No,Install 2FA plugin,"Oct 27, 2020",⏳One-Time,,,,,,"Feb 24, 2021 7:43 PM",Thomas Frank,"Feb 24, 2021 7:43 PM",To Do,Security,🧀 Medium,,No,"Oct 26, 2020"
🔴,No,Create Home Page,"Oct 27, 2020",⏳One-Time,,,,,,"Feb 24, 2021 7:43 PM",Thomas Frank,"Feb 24, 2021 7:43 PM",Doing,Design,🧀 Medium,,No,"Oct 23, 2020"
🔴,No,3rd Test Task,"Oct 29, 2020",⏳One-Time,,,,,,"Feb 24, 2021 7:43 PM",Thomas Frank,"Feb 24, 2021 7:43 PM",To Do,,🧀 Medium,,No,
🔴,No,Recurring Task Due Today,"Nov 2, 2020",🔄Recurring,,,"Mar 1, 2021",7,,"Feb 24, 2021 7:43 PM",Thomas Frank,"Feb 24, 2021 7:43 PM",To Do,,🧀 Medium,,Yes,
🔴,No,Task Due Today,"Nov 24, 2020",🔄Recurring,,,"Feb 26, 2021",2,,"Feb 24, 2021 7:43 PM",Thomas Frank,"Feb 24, 2021 7:43 PM",To Do,,🧊 Low,,Yes,
➞🔴,No,Sub-Task Example,"Nov 25, 2020",🔄Recurring,,,"Feb 28, 2021",5,../All%20Tasks%20befd06825d894aa7a6011053bdf1b41b/Write%20About%20page%20copy%20974a9042fff3493fb4c59df961650fcd.md,"Feb 24, 2021 7:43 PM",Thomas Frank,"Feb 24, 2021 7:43 PM",To Do,,🧀 Medium,,Yes,
🔴,No,Task Due Tomorrow,"Nov 26, 2020",🔄Recurring,,,"Feb 27, 2021",3,,"Feb 24, 2021 7:43 PM",Thomas Frank,"Feb 24, 2021 7:43 PM",To Do,,🧀 Medium,,Yes,
🔴,No,Take new picture for homepage background,"Nov 26, 2020",⏳One-Time,,,,,,"Feb 24, 2021 7:43 PM",Thomas Frank,"Feb 24, 2021 7:43 PM",To Do,Design,🧀 Medium,,Yes,"Oct 27, 2020"
🔴,No,Test PerfMatters speed changes,"Nov 28, 2020",⏳One-Time,,,,,,"Feb 24, 2021 7:43 PM",Thomas Frank,"Feb 24, 2021 7:43 PM",To Do,Speed,🧀 Medium,,Yes,"Oct 25, 2020"
🔴,No,Write About page copy,"Dec 8, 2020",⏳One-Time,,,,,,"Feb 24, 2021 7:43 PM",Thomas Frank,"Feb 24, 2021 7:43 PM",To Do,Copy,🧀 Medium,"../All%20Tasks%20befd06825d894aa7a6011053bdf1b41b/Sub-Task%20Example%20ac8f452a417443fda1542f111afa0718.md, ../All%20Tasks%20befd06825d894aa7a6011053bdf1b41b/Overdue%20Sub-Task%20Example%206d390a50672b4676986a8459df6ce969.md",Yes,"Oct 28, 2020"
⚪️,No,Task with Sub-Tasks,,⏳One-Time,,,,,,"Feb 24, 2021 7:43 PM",Thomas Frank,"Feb 24, 2021 7:43 PM",To Do,,🧀 Medium,,No,